{
    "fovy": 0.8575560548920328,
    "sample_0": {
        "view_frames": [
            {
                "transform_matrix": [
                    [
                        0.5952961444854736,
                        -0.4017532467842102,
                        0.6958568692207336,
                        0.8937502344213764
                    ],
                    [
                        0.8035063743591309,
                        0.297648161649704,
                        -0.5155415534973145,
                        -0.6621554412486528
                    ],
                    [
                        -2.953502331592972e-08,
                        0.8660253286361694,
                        0.5000001192092896,
                        0.6421939763818675
                    ],
                    [
                        0.0,
                        0.0,
                        0.0,
                        1.0
                    ]
                ],
                "azimuth": 5.645551096880308,
                "elevation": 1.0471975511965976
            },
            {
                "transform_matrix": [
                    [
                        -0.3982088565826416,
                        0.3137333393096924,
                        0.8619752526283264,
                        1.10711049427298
                    ],
                    [
                        0.9172949194908142,
                        0.1361953616142273,
                        0.37419381737709045,
                        0.4806101249240927
                    ],
                    [
                        -2.3123977399563955e-08,
                        0.9396926760673523,
                        -0.3420202434062958,
                        -0.4392865516900148
                    ],
                    [
                        0.0,
                        0.0,
                        0.0,
                        1.0
                    ]
                ],
                "azimuth": 6.692748648076906,
                "elevation": 1.9198621771937625
            },
            {
                "transform_matrix": [
                    [
                        -0.9935047030448914,
                        -0.05689428746700287,
                        0.0985436886548996,
                        0.1265683161647393
                    ],
                    [
                        0.11378848552703857,
                        -0.4967523217201233,
                        0.8604004383087158,
                        1.1050881282715357
                    ],
                    [
                        -4.90628444538288e-08,
                        0.8660252690315247,
                        0.5000001192092896,
                        0.6421939763818675
                    ],
                    [
                        0.0,
                        0.0,
                        0.0,
                        1.0
                    ]
                ],
                "azimuth": 7.739946199273504,
                "elevation": 1.0471975511965976
            },
            {
                "transform_matrix": [
                    [
                        -0.5952959656715393,
                        -0.2748154103755951,
                        -0.755048930644989,
                        -0.9697758246367663
                    ],
                    [
                        -0.8035063147544861,
                        0.20360350608825684,
                        0.5593952536582947,
                        0.718480750374701
                    ],
                    [
                        9.175192872135085e-08,
                        0.939692497253418,
                        -0.3420201539993286,
                        -0.4392865516900148
                    ],
                    [
                        0.0,
                        0.0,
                        0.0,
                        1.0
                    ]
                ],
                "azimuth": 8.7871437504701,
                "elevation": 1.9198621771937625
            },
            {
                "transform_matrix": [
                    [
                        0.3982088267803192,
                        0.45864737033843994,
                        -0.7944006323814392,
                        -1.020318550586116
                    ],
                    [
                        -0.9172948002815247,
                        0.1991044133901596,
                        -0.34485897421836853,
                        -0.4429326870228822
                    ],
                    [
                        8.609525536940055e-09,
                        0.866025447845459,
                        0.4999999701976776,
                        0.6421939763818675
                    ],
                    [
                        0.0,
                        0.0,
                        0.0,
                        1.0
                    ]
                ],
                "azimuth": 9.834341301666699,
                "elevation": 1.0471975511965976
            },
            {
                "transform_matrix": [
                    [
                        0.9935050010681152,
                        -0.038917940109968185,
                        -0.10692615061998367,
                        -0.13733466963621258
                    ],
                    [
                        -0.1137884333729744,
                        -0.3397986590862274,
                        -0.9335893392562866,
                        -1.1990908752987932
                    ],
                    [
                        9.102620879275491e-09,
                        0.9396926164627075,
                        -0.34202009439468384,
                        -0.4392865516900148
                    ],
                    [
                        0.0,
                        0.0,
                        0.0,
                        1.0
                    ]
                ],
                "azimuth": 10.881538852863297,
                "elevation": 1.9198621771937625
            }
        ]
    }
}